Id,Label
0,zlo
1,tnx
2,cwi
3,lct
4,vxu
5,was
6,agf
7,dac
8,fob
9,uqn
10,mik
11,ygx
12,yrg
13,zpj
14,saf
15,ktw
16,qgs
17,vab
18,vom
19,heu
20,rpz
21,pfp
22,ljo
23,qmv
24,ica
25,jsm
26,kxt
27,mhx
28,kaj
29,swp
30,zna
31,kkh
32,vdy
33,drb
34,cbd
35,vxj
36,sor
37,bpy
38,out
39,ovx
40,nav
41,fft
42,zrr
43,vnz
44,hin
45,qhx
46,kvv
47,qef
48,mkk
49,vdw
50,uby
51,dfh
52,ior
53,qxu
54,dcx
55,xah
56,zps
57,lmc
58,mqr
59,etj
60,you
61,ghy
62,ewl
63,qxa
64,lfk
65,tsx
66,ymp
67,nio
68,zhj
69,uit
70,gzu
71,abr
72,tyj
73,lfw
74,nbd
75,zcj
76,bqe
77,wka
78,jht
79,oya
80,zjk
81,jxp
82,jcf
83,cah
84,hvt
85,inz
86,oar
87,nsc
88,exu
89,xhz
90,rzt
91,zly
92,gwt
93,nnm
94,afe
95,weo
96,hny
97,utd
98,tza
99,uiy
100,flj
101,uce
102,xbq
103,tej
104,okq
105,qij
106,whl
107,gmc
108,wwq
109,eiu
110,gdg
111,mqs
112,hkt
113,nao
114,aej
115,bbw
116,geh
117,ymg
118,enn
119,sch
120,wrt
121,lwg
122,fff
123,utk
124,rjt
125,hzt
126,cve
127,jez
128,yvl
129,uyz
130,gbw
131,scj
132,ptx
133,oez
134,iql
135,zmv
136,ssu
137,boi
138,hpp
139,mix
140,lah
141,air
142,gir
143,xrh
144,mhd
145,ixn
146,bga
147,xvu
148,zsg
149,hkm
150,bji
151,lxy
152,gdv
153,aqt
154,xss
155,zdi
156,wru
157,vly
158,tfu
159,tmi
160,nis
161,ihk
162,jvg
163,nha
164,txr
165,esm
166,tyi
167,zxc
168,sqv
169,aim
170,dnz
171,vgj
172,ivc
173,dea
174,cwn
175,hmy
176,phr
177,gwh
178,bhw
179,era
180,oas
181,har
182,uqt
183,bzj
184,ekh
185,ghx
186,vno
187,mng
188,qmn
189,pwz
190,ehp
191,xkl
192,xfy
193,quu
194,agv
195,smb
196,vjm
197,dvc
198,uiz
199,jig
200,wwp
201,lfa
202,ewv
203,eau
204,uaa
205,gzk
206,wam
207,rsf
208,kfm
209,tgs
210,cwh
211,jrq
212,xsb
213,rjz
214,ieb
215,xaj
216,cby
217,zco
218,fic
219,vkl
220,ftz
221,krm
222,nvg
223,sjx
224,ipm
225,lhk
226,bvr
227,urh
228,dnr
229,vcq
230,yie
231,btv
232,yar
233,nzh
234,plb
235,inq
236,iiq
237,fxh
238,bqw
239,bnt
240,mdf
241,xsj
242,ygg
243,uyc
244,kkr
245,yjk
246,jpj
247,ndq
248,zho
249,kum
250,bjz
251,ntx
252,ouy
253,yrx
254,ucd
255,rzd
256,ezv
257,ueb
258,kmi
259,huv
260,yfw
261,mjj
262,cll
263,odw
264,wxr
265,ndv
266,dub
267,mhf
268,ohl
269,hhk
270,qeb
271,csl
272,rab
273,nlq
274,mbz
275,edj
276,khm
277,psz
278,htv
279,itd
280,xlq
281,iwd
282,bpv
283,pbg
284,wxl
285,cxk
286,lcm
287,wzv
288,hpc
289,jvi
290,kxq
291,agd
292,ulh
293,ldl
294,hbl
295,cru
296,jqq
297,jal
298,mgp
299,qja
300,ozm
301,ztw
302,jup
303,znc
304,mrp
305,gnp
306,taz
307,lfm
308,zmf
309,ldx
310,zcy
311,gft
312,irv
313,xmm
314,azj
315,ngl
316,vuq
317,aqy
318,qju
319,iqw
320,fmq
321,sol
322,txx
323,xoc
324,vcl
325,iyi
326,kpy
327,cpj
328,rit
329,jsc
330,mah
331,hun
332,pvu
333,ary
334,svu
335,rzy
336,jgo
337,rwb
338,wzc
339,taw
340,yog
341,zkn
342,qor
343,ers
344,mzz
345,rya
346,roc
347,vsv
348,zhp
349,trg
350,ian
351,jip
352,egh
353,mzb
354,gzh
355,jyv
356,nmk
357,zdr
358,uri
359,dlr
360,epe
361,evu
362,qck
363,mrr
364,tfc
365,cne
366,lft
367,mzc
368,aar
369,xbn
370,lvg
371,jmh
372,nqw
373,dll
374,ttn
375,ikt
376,xcj
377,soc
378,ugw
379,lek
380,rbb
381,nig
382,qsh
383,arg
384,gyr
385,rhg
386,ljj
387,geb
388,vkz
389,mai
390,xtg
391,gvx
392,lhd
393,gfd
394,shi
395,fhu
396,onu
397,gxp
398,ake
399,tql
400,ubw
401,htz
402,pho
403,ure
404,jwe
405,agw
406,yrl
407,yef
408,few
409,pju
410,sku
411,zpr
412,nqi
413,ytl
414,vrh
415,qib
416,lxv
417,oyh
418,otc
419,usl
420,dgh
421,xbx
422,jyw
423,hvl
424,gte
425,ihe
426,cxb
427,fwz
428,wlp
429,nsa
430,san
431,adb
432,xfj
433,biu
434,mow
435,ujt
436,scs
437,lvn
438,zym
439,zil
440,liq
441,dry
442,tox
443,tuh
444,pus
445,lxb
446,yfl
447,plv
448,stz
449,vgq
450,zai
451,hut
452,ebw
453,aym
454,cvt
455,ztr
456,bzq
457,ukj
458,zqs
459,pos
460,pne
461,joj
462,nna
463,uah
464,lpt
465,uvq
466,umf
467,uzd
468,yka
469,cbb
470,gks
471,iio
472,ldb
473,kni
474,lvo
475,vhr
476,soe
477,fvo
478,bug
479,xmz
480,ggi
481,srq
482,aga
483,wcp
484,hjc
485,qge
486,ngf
487,jnj
488,trx
489,llx
490,rrv
491,xcb
492,uen
493,evh
494,ekb
495,xuy
496,eng
497,lju
498,wfh
499,cni
500,gjx
501,azc
502,ven
503,snm
504,ufo
505,jof
506,zxd
507,nse
508,jfh
509,wdb
510,wdz
511,gzg
512,mts
513,ayw
514,axm
515,kkx
516,wwz
517,xfu
518,unu
519,kyd
520,ixv
521,uti
522,ylp
523,aqe
524,ddk
525,skj
526,ndb
527,trw
528,pcr
529,skw
530,euw
531,glz
532,byz
533,sub
534,eqb
535,gss
536,uht
537,fvq
538,wyc
539,qld
540,qkm
541,rtq
542,bzo
543,fya
544,yrb
545,tpe
546,egf
547,cld
548,vkr
549,vvu
550,foc
551,hij
552,qup
553,kmy
554,uch
555,seo
556,svr
557,thc
558,epj
559,ged
560,vdg
561,mis
562,fkg
563,iid
564,jvv
565,nvk
566,gcd
567,hah
568,mmm
569,tsa
570,dns
571,mdt
572,gbl
573,gzb
574,epr
575,nzq
576,ybw
577,jrs
578,lzz
579,nuh
580,yfm
581,zur
582,azx
583,npk
584,iwe
585,fok
586,qul
587,vcy
588,bra